{
  "step": 20000,
  "val/done_bce": 6.78736440704597e-05,
  "val/done_fn": 0,
  "val/done_fp": 0,
  "val/done_fpr": 0.0,
  "val/done_precision": 1.0,
  "val/done_recall": 1.0,
  "val/done_tn": 1007,
  "val/done_tp": 17,
  "val/frame_l1": 0.0005934266300755553,
  "val/length_huber": 0.0008083768570941174,
  "val/reward_mse": 7.175579889917572e-05,
  "val/total": 0.0007440790395776276
}