{
  "step": 20000,
  "val/done_bce": 0.00021093951363582164,
  "val/done_fn": 0,
  "val/done_fp": 0,
  "val/done_fpr": 0.0,
  "val/done_precision": 1.0,
  "val/done_recall": 1.0,
  "val/done_tn": 1007,
  "val/done_tp": 17,
  "val/frame_l1": 0.0005483548266056459,
  "val/length_huber": 0.0013282537329359911,
  "val/reward_mse": 0.0002649286723226396,
  "val/total": 0.0009191142780764494
}