{
  "step": 20000,
  "val/done_bce": 0.001662861485783651,
  "val/done_fn": 0,
  "val/done_fp": 1,
  "val/done_fpr": 0.0009930486593843098,
  "val/done_precision": 0.9444444444444444,
  "val/done_recall": 1.0,
  "val/done_tn": 1006,
  "val/done_tp": 17,
  "val/frame_l1": 0.0006229252430784982,
  "val/length_huber": 0.0015216012543532997,
  "val/reward_mse": 0.0007482838401529079,
  "val/total": 0.0019806580603471957
}