{
  "step": 3000,
  "val/done_bce": 4.073564122109019e-05,
  "val/done_fn": 0,
  "val/done_fp": 0,
  "val/done_fpr": 0.0,
  "val/done_precision": 1.0,
  "val/done_recall": 1.0,
  "val/done_tn": 965,
  "val/done_tp": 59,
  "val/frame_l1": 0.0003468063259788323,
  "val/length_huber": 0.0003462629556452157,
  "val/reward_mse": 0.00012228595249297314,
  "val/total": 0.0004629434242815478
}