{
  "step": 20000,
  "val/done_bce": 0.000125409527413467,
  "val/done_fn": 0,
  "val/done_fp": 0,
  "val/done_fpr": 0.0,
  "val/done_precision": 1.0,
  "val/done_recall": 1.0,
  "val/done_tn": 1007,
  "val/done_tp": 17,
  "val/frame_l1": 0.0007192971279437188,
  "val/length_huber": 0.011947967956075445,
  "val/reward_mse": 0.0004480155139390263,
  "val/total": 0.0022008064770489
}