{
  "step": 20000,
  "val/done_bce": 0.00012726839554488834,
  "val/done_fn": 0,
  "val/done_fp": 0,
  "val/done_fpr": 0.0,
  "val/done_precision": 1.0,
  "val/done_recall": 1.0,
  "val/done_tn": 1007,
  "val/done_tp": 17,
  "val/frame_l1": 0.0007173770791268907,
  "val/length_huber": 0.0008379986520594684,
  "val/reward_mse": 6.874923309396763e-05,
  "val/total": 0.000899185750313336
}