{
  "step": 20000,
  "val/done_bce": 0.0006243574077871017,
  "val/done_fn": 0,
  "val/done_fp": 0,
  "val/done_fpr": 0.0,
  "val/done_precision": 1.0,
  "val/done_recall": 1.0,
  "val/done_tn": 1007,
  "val/done_tp": 17,
  "val/frame_l1": 0.0006163427751744166,
  "val/length_huber": 0.0019537143998604733,
  "val/reward_mse": 0.00032085266786907596,
  "val/total": 0.0012843192635045853
}