{
  "step": 20000,
  "val/done_bce": 0.00012880567555839662,
  "val/done_fn": 0,
  "val/done_fp": 0,
  "val/done_fpr": 0.0,
  "val/done_precision": 1.0,
  "val/done_recall": 1.0,
  "val/done_tn": 1007,
  "val/done_tp": 17,
  "val/frame_l1": 0.0006325581707642414,
  "val/length_huber": 0.0017060874597518705,
  "val/reward_mse": 0.00036689977167725374,
  "val/total": 0.0010510196334507782
}