{
  "step": 20000,
  "val/done_bce": 0.001305995160009843,
  "val/done_fn": 1,
  "val/done_fp": 0,
  "val/done_fpr": 0.0,
  "val/done_precision": 1.0,
  "val/done_recall": 0.9411764705882353,
  "val/done_tn": 1007,
  "val/done_tp": 16,
  "val/frame_l1": 0.0006020798609824851,
  "val/length_huber": 0.0029618729604408145,
  "val/reward_mse": 0.0008731679236007039,
  "val/total": 0.00198784868553048
}