{
  "step": 20000,
  "val/done_bce": 0.0016939285636681234,
  "val/done_fn": 0,
  "val/done_fp": 1,
  "val/done_fpr": 0.0009930486593843098,
  "val/done_precision": 0.9444444444444444,
  "val/done_recall": 1.0,
  "val/done_tn": 1006,
  "val/done_tp": 17,
  "val/frame_l1": 0.0006445668404921889,
  "val/length_huber": 0.0009917645656969398,
  "val/reward_mse": 0.0008450952326484185,
  "val/total": 0.0020132551799179055
}