{
  "step": 20000,
  "val/done_bce": 0.0034856211063925002,
  "val/done_fn": 0,
  "val/done_fp": 1,
  "val/done_fpr": 0.0009930486593843098,
  "val/done_precision": 0.9444444444444444,
  "val/done_recall": 1.0,
  "val/done_tn": 1006,
  "val/done_tp": 17,
  "val/frame_l1": 0.0006309765885816887,
  "val/length_huber": 0.018693213176447898,
  "val/reward_mse": 0.0009517897955220178,
  "val/total": 0.004719003278296441
}